{
  "project_info": {
    "project_number": "1018671856223",
    "project_id": "pc-api-5335743033239309085-780",
    "storage_bucket": "pc-api-5335743033239309085-780.appspot.com"
  },
  "client": [
    {
      "client_info": {
        "mobilesdk_app_id": "1:1018671856223:android:1565de3f12b97fef1bb9ea",
        "android_client_info": {
          "package_name": "com.fzcpstha.gloryfishing"
        }
      },
      "oauth_client": [
        {
          "client_id": "1018671856223-bb74n10p9i5ucignc5sblrusun12jfo3.apps.googleusercontent.com",
          "client_type": 1,
          "android_info": {
            "package_name": "com.fzcpstha.gloryfishing",
            "certificate_hash": "33418b0bbcf6e5de97e3d50cc34fbed6ec6eeef0"
          }
        },
        {
          "client_id": "1018671856223-2p0eaqg0c34ln8j5bn1o67fq8i00e8hd.apps.googleusercontent.com",
          "client_type": 3
        }
      ],
      "api_key": [
        {
          "current_key": "AIzaSyCpZq6hU_aC6yepyHAvRevTRH9xDxr3EaA"
        }
      ],
      "services": {
        "appinvite_service": {
          "other_platform_oauth_client": [
            {
              "client_id": "1018671856223-2p0eaqg0c34ln8j5bn1o67fq8i00e8hd.apps.googleusercontent.com",
              "client_type": 3
            }
          ]
        }
      }
    }
  ],
  "configuration_version": "1"
}